section,index,path,name
ROOT,1,C:\Users\JOHANPRO\Desktop\FOTOS PRENDAS NUEVO\WhatsApp Image 2026-06-04 at 5.29.54 PM (3).jpeg,WhatsApp Image 2026-06-04 at 5.29.54 PM (3).jpeg
ROOT,2,C:\Users\JOHANPRO\Desktop\FOTOS PRENDAS NUEVO\WhatsApp Image 2026-06-04 at 5.29.54 PM (4).jpeg,WhatsApp Image 2026-06-04 at 5.29.54 PM (4).jpeg
ROOT,3,C:\Users\JOHANPRO\Desktop\FOTOS PRENDAS NUEVO\WhatsApp Image 2026-06-04 at 5.29.54 PM (5).jpeg,WhatsApp Image 2026-06-04 at 5.29.54 PM (5).jpeg
HOMBRES,1,C:\Users\JOHANPRO\Desktop\FOTOS PRENDAS NUEVO\HOMBRES\WhatsApp Image 2026-06-04 at 5.29.51 PM (1).jpeg,WhatsApp Image 2026-06-04 at 5.29.51 PM (1).jpeg
HOMBRES,2,C:\Users\JOHANPRO\Desktop\FOTOS PRENDAS NUEVO\HOMBRES\WhatsApp Image 2026-06-04 at 5.29.51 PM (2).jpeg,WhatsApp Image 2026-06-04 at 5.29.51 PM (2).jpeg
HOMBRES,3,C:\Users\JOHANPRO\Desktop\FOTOS PRENDAS NUEVO\HOMBRES\WhatsApp Image 2026-06-04 at 5.29.51 PM (3).jpeg,WhatsApp Image 2026-06-04 at 5.29.51 PM (3).jpeg
HOMBRES,4,C:\Users\JOHANPRO\Desktop\FOTOS PRENDAS NUEVO\HOMBRES\WhatsApp Image 2026-06-04 at 5.29.51 PM (4).jpeg,WhatsApp Image 2026-06-04 at 5.29.51 PM (4).jpeg
HOMBRES,5,C:\Users\JOHANPRO\Desktop\FOTOS PRENDAS NUEVO\HOMBRES\WhatsApp Image 2026-06-04 at 5.29.52 PM (1).jpeg,WhatsApp Image 2026-06-04 at 5.29.52 PM (1).jpeg
HOMBRES,6,C:\Users\JOHANPRO\Desktop\FOTOS PRENDAS NUEVO\HOMBRES\WhatsApp Image 2026-06-04 at 5.29.52 PM (2).jpeg,WhatsApp Image 2026-06-04 at 5.29.52 PM (2).jpeg
HOMBRES,7,C:\Users\JOHANPRO\Desktop\FOTOS PRENDAS NUEVO\HOMBRES\WhatsApp Image 2026-06-04 at 5.29.52 PM (3).jpeg,WhatsApp Image 2026-06-04 at 5.29.52 PM (3).jpeg
HOMBRES,8,C:\Users\JOHANPRO\Desktop\FOTOS PRENDAS NUEVO\HOMBRES\WhatsApp Image 2026-06-04 at 5.29.52 PM.jpeg,WhatsApp Image 2026-06-04 at 5.29.52 PM.jpeg
HOMBRES,9,C:\Users\JOHANPRO\Desktop\FOTOS PRENDAS NUEVO\HOMBRES\WhatsApp Image 2026-06-04 at 5.29.53 PM (1).jpeg,WhatsApp Image 2026-06-04 at 5.29.53 PM (1).jpeg
HOMBRES,10,C:\Users\JOHANPRO\Desktop\FOTOS PRENDAS NUEVO\HOMBRES\WhatsApp Image 2026-06-04 at 5.29.53 PM (2).jpeg,WhatsApp Image 2026-06-04 at 5.29.53 PM (2).jpeg
HOMBRES,11,C:\Users\JOHANPRO\Desktop\FOTOS PRENDAS NUEVO\HOMBRES\WhatsApp Image 2026-06-04 at 5.29.53 PM (3).jpeg,WhatsApp Image 2026-06-04 at 5.29.53 PM (3).jpeg
HOMBRES,12,C:\Users\JOHANPRO\Desktop\FOTOS PRENDAS NUEVO\HOMBRES\WhatsApp Image 2026-06-04 at 5.29.53 PM.jpeg,WhatsApp Image 2026-06-04 at 5.29.53 PM.jpeg
HOMBRES,13,C:\Users\JOHANPRO\Desktop\FOTOS PRENDAS NUEVO\HOMBRES\WhatsApp Image 2026-06-04 at 5.29.54 PM (1).jpeg,WhatsApp Image 2026-06-04 at 5.29.54 PM (1).jpeg
HOMBRES,14,C:\Users\JOHANPRO\Desktop\FOTOS PRENDAS NUEVO\HOMBRES\WhatsApp Image 2026-06-04 at 5.29.54 PM.jpeg,WhatsApp Image 2026-06-04 at 5.29.54 PM.jpeg
MUJERES,1,C:\Users\JOHANPRO\Desktop\FOTOS PRENDAS NUEVO\MUJERES\WhatsApp Image 2026-06-04 at 5.29.39 PM (1).jpeg,WhatsApp Image 2026-06-04 at 5.29.39 PM (1).jpeg
MUJERES,2,C:\Users\JOHANPRO\Desktop\FOTOS PRENDAS NUEVO\MUJERES\WhatsApp Image 2026-06-04 at 5.29.39 PM (2).jpeg,WhatsApp Image 2026-06-04 at 5.29.39 PM (2).jpeg
MUJERES,3,C:\Users\JOHANPRO\Desktop\FOTOS PRENDAS NUEVO\MUJERES\WhatsApp Image 2026-06-04 at 5.29.39 PM.jpeg,WhatsApp Image 2026-06-04 at 5.29.39 PM.jpeg
MUJERES,4,C:\Users\JOHANPRO\Desktop\FOTOS PRENDAS NUEVO\MUJERES\WhatsApp Image 2026-06-04 at 5.29.40 PM (1).jpeg,WhatsApp Image 2026-06-04 at 5.29.40 PM (1).jpeg
MUJERES,5,C:\Users\JOHANPRO\Desktop\FOTOS PRENDAS NUEVO\MUJERES\WhatsApp Image 2026-06-04 at 5.29.40 PM.jpeg,WhatsApp Image 2026-06-04 at 5.29.40 PM.jpeg
MUJERES,6,C:\Users\JOHANPRO\Desktop\FOTOS PRENDAS NUEVO\MUJERES\WhatsApp Image 2026-06-04 at 5.29.41 PM (1).jpeg,WhatsApp Image 2026-06-04 at 5.29.41 PM (1).jpeg
MUJERES,7,C:\Users\JOHANPRO\Desktop\FOTOS PRENDAS NUEVO\MUJERES\WhatsApp Image 2026-06-04 at 5.29.41 PM.jpeg,WhatsApp Image 2026-06-04 at 5.29.41 PM.jpeg
MUJERES,8,C:\Users\JOHANPRO\Desktop\FOTOS PRENDAS NUEVO\MUJERES\WhatsApp Image 2026-06-04 at 5.29.42 PM (1).jpeg,WhatsApp Image 2026-06-04 at 5.29.42 PM (1).jpeg
MUJERES,9,C:\Users\JOHANPRO\Desktop\FOTOS PRENDAS NUEVO\MUJERES\WhatsApp Image 2026-06-04 at 5.29.42 PM.jpeg,WhatsApp Image 2026-06-04 at 5.29.42 PM.jpeg
MUJERES,10,C:\Users\JOHANPRO\Desktop\FOTOS PRENDAS NUEVO\MUJERES\WhatsApp Image 2026-06-04 at 5.29.43 PM (1).jpeg,WhatsApp Image 2026-06-04 at 5.29.43 PM (1).jpeg
MUJERES,11,C:\Users\JOHANPRO\Desktop\FOTOS PRENDAS NUEVO\MUJERES\WhatsApp Image 2026-06-04 at 5.29.43 PM.jpeg,WhatsApp Image 2026-06-04 at 5.29.43 PM.jpeg
MUJERES,12,C:\Users\JOHANPRO\Desktop\FOTOS PRENDAS NUEVO\MUJERES\WhatsApp Image 2026-06-04 at 5.29.44 PM.jpeg,WhatsApp Image 2026-06-04 at 5.29.44 PM.jpeg
MUJERES,13,C:\Users\JOHANPRO\Desktop\FOTOS PRENDAS NUEVO\MUJERES\WhatsApp Image 2026-06-04 at 5.29.45 PM (1).jpeg,WhatsApp Image 2026-06-04 at 5.29.45 PM (1).jpeg
MUJERES,14,C:\Users\JOHANPRO\Desktop\FOTOS PRENDAS NUEVO\MUJERES\WhatsApp Image 2026-06-04 at 5.29.45 PM.jpeg,WhatsApp Image 2026-06-04 at 5.29.45 PM.jpeg
MUJERES,15,C:\Users\JOHANPRO\Desktop\FOTOS PRENDAS NUEVO\MUJERES\WhatsApp Image 2026-06-04 at 5.29.46 PM.jpeg,WhatsApp Image 2026-06-04 at 5.29.46 PM.jpeg
MUJERES,16,C:\Users\JOHANPRO\Desktop\FOTOS PRENDAS NUEVO\MUJERES\WhatsApp Image 2026-06-04 at 5.29.47 PM (1).jpeg,WhatsApp Image 2026-06-04 at 5.29.47 PM (1).jpeg
MUJERES,17,C:\Users\JOHANPRO\Desktop\FOTOS PRENDAS NUEVO\MUJERES\WhatsApp Image 2026-06-04 at 5.29.47 PM (2).jpeg,WhatsApp Image 2026-06-04 at 5.29.47 PM (2).jpeg
MUJERES,18,C:\Users\JOHANPRO\Desktop\FOTOS PRENDAS NUEVO\MUJERES\WhatsApp Image 2026-06-04 at 5.29.47 PM.jpeg,WhatsApp Image 2026-06-04 at 5.29.47 PM.jpeg
MUJERES,19,C:\Users\JOHANPRO\Desktop\FOTOS PRENDAS NUEVO\MUJERES\WhatsApp Image 2026-06-04 at 5.29.48 PM (1).jpeg,WhatsApp Image 2026-06-04 at 5.29.48 PM (1).jpeg
MUJERES,20,C:\Users\JOHANPRO\Desktop\FOTOS PRENDAS NUEVO\MUJERES\WhatsApp Image 2026-06-04 at 5.29.48 PM (2).jpeg,WhatsApp Image 2026-06-04 at 5.29.48 PM (2).jpeg
MUJERES,21,C:\Users\JOHANPRO\Desktop\FOTOS PRENDAS NUEVO\MUJERES\WhatsApp Image 2026-06-04 at 5.29.48 PM (3).jpeg,WhatsApp Image 2026-06-04 at 5.29.48 PM (3).jpeg
MUJERES,22,C:\Users\JOHANPRO\Desktop\FOTOS PRENDAS NUEVO\MUJERES\WhatsApp Image 2026-06-04 at 5.29.48 PM (4).jpeg,WhatsApp Image 2026-06-04 at 5.29.48 PM (4).jpeg
MUJERES,23,C:\Users\JOHANPRO\Desktop\FOTOS PRENDAS NUEVO\MUJERES\WhatsApp Image 2026-06-04 at 5.29.48 PM.jpeg,WhatsApp Image 2026-06-04 at 5.29.48 PM.jpeg
MUJERES,24,C:\Users\JOHANPRO\Desktop\FOTOS PRENDAS NUEVO\MUJERES\WhatsApp Image 2026-06-04 at 5.29.49 PM (1).jpeg,WhatsApp Image 2026-06-04 at 5.29.49 PM (1).jpeg
MUJERES,25,C:\Users\JOHANPRO\Desktop\FOTOS PRENDAS NUEVO\MUJERES\WhatsApp Image 2026-06-04 at 5.29.49 PM (2).jpeg,WhatsApp Image 2026-06-04 at 5.29.49 PM (2).jpeg
MUJERES,26,C:\Users\JOHANPRO\Desktop\FOTOS PRENDAS NUEVO\MUJERES\WhatsApp Image 2026-06-04 at 5.29.49 PM (3).jpeg,WhatsApp Image 2026-06-04 at 5.29.49 PM (3).jpeg
MUJERES,27,C:\Users\JOHANPRO\Desktop\FOTOS PRENDAS NUEVO\MUJERES\WhatsApp Image 2026-06-04 at 5.29.49 PM (4).jpeg,WhatsApp Image 2026-06-04 at 5.29.49 PM (4).jpeg
MUJERES,28,C:\Users\JOHANPRO\Desktop\FOTOS PRENDAS NUEVO\MUJERES\WhatsApp Image 2026-06-04 at 5.29.49 PM.jpeg,WhatsApp Image 2026-06-04 at 5.29.49 PM.jpeg
MUJERES,29,C:\Users\JOHANPRO\Desktop\FOTOS PRENDAS NUEVO\MUJERES\WhatsApp Image 2026-06-04 at 5.29.50 PM (1).jpeg,WhatsApp Image 2026-06-04 at 5.29.50 PM (1).jpeg
MUJERES,30,C:\Users\JOHANPRO\Desktop\FOTOS PRENDAS NUEVO\MUJERES\WhatsApp Image 2026-06-04 at 5.29.50 PM (2).jpeg,WhatsApp Image 2026-06-04 at 5.29.50 PM (2).jpeg
MUJERES,31,C:\Users\JOHANPRO\Desktop\FOTOS PRENDAS NUEVO\MUJERES\WhatsApp Image 2026-06-04 at 5.29.50 PM (3).jpeg,WhatsApp Image 2026-06-04 at 5.29.50 PM (3).jpeg
MUJERES,32,C:\Users\JOHANPRO\Desktop\FOTOS PRENDAS NUEVO\MUJERES\WhatsApp Image 2026-06-04 at 5.29.50 PM (4).jpeg,WhatsApp Image 2026-06-04 at 5.29.50 PM (4).jpeg
MUJERES,33,C:\Users\JOHANPRO\Desktop\FOTOS PRENDAS NUEVO\MUJERES\WhatsApp Image 2026-06-04 at 5.29.50 PM.jpeg,WhatsApp Image 2026-06-04 at 5.29.50 PM.jpeg
MUJERES,34,C:\Users\JOHANPRO\Desktop\FOTOS PRENDAS NUEVO\MUJERES\WhatsApp Image 2026-06-04 at 5.29.51 PM.jpeg,WhatsApp Image 2026-06-04 at 5.29.51 PM.jpeg
MUJERES,35,C:\Users\JOHANPRO\Desktop\FOTOS PRENDAS NUEVO\MUJERES\WhatsApp Image 2026-06-04 at 5.29.54 PM (2).jpeg,WhatsApp Image 2026-06-04 at 5.29.54 PM (2).jpeg
MUJERES,36,C:\Users\JOHANPRO\Desktop\FOTOS PRENDAS NUEVO\MUJERES\WhatsApp Image 2026-06-04 at 5.29.55 PM (1).jpeg,WhatsApp Image 2026-06-04 at 5.29.55 PM (1).jpeg
MUJERES,37,C:\Users\JOHANPRO\Desktop\FOTOS PRENDAS NUEVO\MUJERES\WhatsApp Image 2026-06-04 at 5.29.55 PM (2).jpeg,WhatsApp Image 2026-06-04 at 5.29.55 PM (2).jpeg
MUJERES,38,C:\Users\JOHANPRO\Desktop\FOTOS PRENDAS NUEVO\MUJERES\WhatsApp Image 2026-06-04 at 5.29.55 PM (3).jpeg,WhatsApp Image 2026-06-04 at 5.29.55 PM (3).jpeg
MUJERES,39,C:\Users\JOHANPRO\Desktop\FOTOS PRENDAS NUEVO\MUJERES\WhatsApp Image 2026-06-04 at 5.29.55 PM (4).jpeg,WhatsApp Image 2026-06-04 at 5.29.55 PM (4).jpeg
MUJERES,40,C:\Users\JOHANPRO\Desktop\FOTOS PRENDAS NUEVO\MUJERES\WhatsApp Image 2026-06-04 at 5.29.55 PM (5).jpeg,WhatsApp Image 2026-06-04 at 5.29.55 PM (5).jpeg
MUJERES,41,C:\Users\JOHANPRO\Desktop\FOTOS PRENDAS NUEVO\MUJERES\WhatsApp Image 2026-06-04 at 5.29.55 PM.jpeg,WhatsApp Image 2026-06-04 at 5.29.55 PM.jpeg
MUJERES,42,C:\Users\JOHANPRO\Desktop\FOTOS PRENDAS NUEVO\MUJERES\WhatsApp Image 2026-06-04 at 5.29.56 PM (1).jpeg,WhatsApp Image 2026-06-04 at 5.29.56 PM (1).jpeg
MUJERES,43,C:\Users\JOHANPRO\Desktop\FOTOS PRENDAS NUEVO\MUJERES\WhatsApp Image 2026-06-04 at 5.29.56 PM (2).jpeg,WhatsApp Image 2026-06-04 at 5.29.56 PM (2).jpeg
MUJERES,44,C:\Users\JOHANPRO\Desktop\FOTOS PRENDAS NUEVO\MUJERES\WhatsApp Image 2026-06-04 at 5.29.56 PM (3).jpeg,WhatsApp Image 2026-06-04 at 5.29.56 PM (3).jpeg
MUJERES,45,C:\Users\JOHANPRO\Desktop\FOTOS PRENDAS NUEVO\MUJERES\WhatsApp Image 2026-06-04 at 5.29.56 PM (4).jpeg,WhatsApp Image 2026-06-04 at 5.29.56 PM (4).jpeg
MUJERES,46,C:\Users\JOHANPRO\Desktop\FOTOS PRENDAS NUEVO\MUJERES\WhatsApp Image 2026-06-04 at 5.29.56 PM.jpeg,WhatsApp Image 2026-06-04 at 5.29.56 PM.jpeg
MUJERES,47,C:\Users\JOHANPRO\Desktop\FOTOS PRENDAS NUEVO\MUJERES\WhatsApp Image 2026-06-04 at 5.29.57 PM (1).jpeg,WhatsApp Image 2026-06-04 at 5.29.57 PM (1).jpeg
MUJERES,48,C:\Users\JOHANPRO\Desktop\FOTOS PRENDAS NUEVO\MUJERES\WhatsApp Image 2026-06-04 at 5.29.57 PM (2).jpeg,WhatsApp Image 2026-06-04 at 5.29.57 PM (2).jpeg
MUJERES,49,C:\Users\JOHANPRO\Desktop\FOTOS PRENDAS NUEVO\MUJERES\WhatsApp Image 2026-06-04 at 5.29.57 PM (3).jpeg,WhatsApp Image 2026-06-04 at 5.29.57 PM (3).jpeg
MUJERES,50,C:\Users\JOHANPRO\Desktop\FOTOS PRENDAS NUEVO\MUJERES\WhatsApp Image 2026-06-04 at 5.29.57 PM (4).jpeg,WhatsApp Image 2026-06-04 at 5.29.57 PM (4).jpeg
MUJERES,51,C:\Users\JOHANPRO\Desktop\FOTOS PRENDAS NUEVO\MUJERES\WhatsApp Image 2026-06-04 at 5.29.57 PM (5).jpeg,WhatsApp Image 2026-06-04 at 5.29.57 PM (5).jpeg
MUJERES,52,C:\Users\JOHANPRO\Desktop\FOTOS PRENDAS NUEVO\MUJERES\WhatsApp Image 2026-06-04 at 5.29.57 PM.jpeg,WhatsApp Image 2026-06-04 at 5.29.57 PM.jpeg
MUJERES,53,C:\Users\JOHANPRO\Desktop\FOTOS PRENDAS NUEVO\MUJERES\WhatsApp Image 2026-06-04 at 5.29.58 PM (1).jpeg,WhatsApp Image 2026-06-04 at 5.29.58 PM (1).jpeg
MUJERES,54,C:\Users\JOHANPRO\Desktop\FOTOS PRENDAS NUEVO\MUJERES\WhatsApp Image 2026-06-04 at 5.29.58 PM (2).jpeg,WhatsApp Image 2026-06-04 at 5.29.58 PM (2).jpeg
MUJERES,55,C:\Users\JOHANPRO\Desktop\FOTOS PRENDAS NUEVO\MUJERES\WhatsApp Image 2026-06-04 at 5.29.58 PM (3).jpeg,WhatsApp Image 2026-06-04 at 5.29.58 PM (3).jpeg
MUJERES,56,C:\Users\JOHANPRO\Desktop\FOTOS PRENDAS NUEVO\MUJERES\WhatsApp Image 2026-06-04 at 5.29.58 PM (4).jpeg,WhatsApp Image 2026-06-04 at 5.29.58 PM (4).jpeg
MUJERES,57,C:\Users\JOHANPRO\Desktop\FOTOS PRENDAS NUEVO\MUJERES\WhatsApp Image 2026-06-04 at 5.29.58 PM (5).jpeg,WhatsApp Image 2026-06-04 at 5.29.58 PM (5).jpeg
MUJERES,58,C:\Users\JOHANPRO\Desktop\FOTOS PRENDAS NUEVO\MUJERES\WhatsApp Image 2026-06-04 at 5.29.58 PM.jpeg,WhatsApp Image 2026-06-04 at 5.29.58 PM.jpeg
MUJERES,59,C:\Users\JOHANPRO\Desktop\FOTOS PRENDAS NUEVO\MUJERES\WhatsApp Image 2026-06-04 at 5.29.59 PM (1).jpeg,WhatsApp Image 2026-06-04 at 5.29.59 PM (1).jpeg
MUJERES,60,C:\Users\JOHANPRO\Desktop\FOTOS PRENDAS NUEVO\MUJERES\WhatsApp Image 2026-06-04 at 5.29.59 PM (2).jpeg,WhatsApp Image 2026-06-04 at 5.29.59 PM (2).jpeg
MUJERES,61,C:\Users\JOHANPRO\Desktop\FOTOS PRENDAS NUEVO\MUJERES\WhatsApp Image 2026-06-04 at 5.29.59 PM (3).jpeg,WhatsApp Image 2026-06-04 at 5.29.59 PM (3).jpeg
MUJERES,62,C:\Users\JOHANPRO\Desktop\FOTOS PRENDAS NUEVO\MUJERES\WhatsApp Image 2026-06-04 at 5.29.59 PM (4).jpeg,WhatsApp Image 2026-06-04 at 5.29.59 PM (4).jpeg
MUJERES,63,C:\Users\JOHANPRO\Desktop\FOTOS PRENDAS NUEVO\MUJERES\WhatsApp Image 2026-06-04 at 5.29.59 PM.jpeg,WhatsApp Image 2026-06-04 at 5.29.59 PM.jpeg
MUJERES,64,C:\Users\JOHANPRO\Desktop\FOTOS PRENDAS NUEVO\MUJERES\WhatsApp Image 2026-06-04 at 5.30.00 PM (1).jpeg,WhatsApp Image 2026-06-04 at 5.30.00 PM (1).jpeg
MUJERES,65,C:\Users\JOHANPRO\Desktop\FOTOS PRENDAS NUEVO\MUJERES\WhatsApp Image 2026-06-04 at 5.30.00 PM (2).jpeg,WhatsApp Image 2026-06-04 at 5.30.00 PM (2).jpeg
MUJERES,66,C:\Users\JOHANPRO\Desktop\FOTOS PRENDAS NUEVO\MUJERES\WhatsApp Image 2026-06-04 at 5.30.00 PM (3).jpeg,WhatsApp Image 2026-06-04 at 5.30.00 PM (3).jpeg
MUJERES,67,C:\Users\JOHANPRO\Desktop\FOTOS PRENDAS NUEVO\MUJERES\WhatsApp Image 2026-06-04 at 5.30.00 PM (4).jpeg,WhatsApp Image 2026-06-04 at 5.30.00 PM (4).jpeg
MUJERES,68,C:\Users\JOHANPRO\Desktop\FOTOS PRENDAS NUEVO\MUJERES\WhatsApp Image 2026-06-04 at 5.30.00 PM.jpeg,WhatsApp Image 2026-06-04 at 5.30.00 PM.jpeg
MUJERES,69,C:\Users\JOHANPRO\Desktop\FOTOS PRENDAS NUEVO\MUJERES\WhatsApp Image 2026-06-04 at 5.30.01 PM (1).jpeg,WhatsApp Image 2026-06-04 at 5.30.01 PM (1).jpeg
MUJERES,70,C:\Users\JOHANPRO\Desktop\FOTOS PRENDAS NUEVO\MUJERES\WhatsApp Image 2026-06-04 at 5.30.01 PM (2).jpeg,WhatsApp Image 2026-06-04 at 5.30.01 PM (2).jpeg
MUJERES,71,C:\Users\JOHANPRO\Desktop\FOTOS PRENDAS NUEVO\MUJERES\WhatsApp Image 2026-06-04 at 5.30.01 PM (3).jpeg,WhatsApp Image 2026-06-04 at 5.30.01 PM (3).jpeg
MUJERES,72,C:\Users\JOHANPRO\Desktop\FOTOS PRENDAS NUEVO\MUJERES\WhatsApp Image 2026-06-04 at 5.30.01 PM (4).jpeg,WhatsApp Image 2026-06-04 at 5.30.01 PM (4).jpeg
MUJERES,73,C:\Users\JOHANPRO\Desktop\FOTOS PRENDAS NUEVO\MUJERES\WhatsApp Image 2026-06-04 at 5.30.01 PM.jpeg,WhatsApp Image 2026-06-04 at 5.30.01 PM.jpeg
MUJERES,74,C:\Users\JOHANPRO\Desktop\FOTOS PRENDAS NUEVO\MUJERES\WhatsApp Image 2026-06-04 at 5.30.02 PM (1).jpeg,WhatsApp Image 2026-06-04 at 5.30.02 PM (1).jpeg
MUJERES,75,C:\Users\JOHANPRO\Desktop\FOTOS PRENDAS NUEVO\MUJERES\WhatsApp Image 2026-06-04 at 5.30.02 PM (2).jpeg,WhatsApp Image 2026-06-04 at 5.30.02 PM (2).jpeg
MUJERES,76,C:\Users\JOHANPRO\Desktop\FOTOS PRENDAS NUEVO\MUJERES\WhatsApp Image 2026-06-04 at 5.30.02 PM (3).jpeg,WhatsApp Image 2026-06-04 at 5.30.02 PM (3).jpeg
MUJERES,77,C:\Users\JOHANPRO\Desktop\FOTOS PRENDAS NUEVO\MUJERES\WhatsApp Image 2026-06-04 at 5.30.02 PM (4).jpeg,WhatsApp Image 2026-06-04 at 5.30.02 PM (4).jpeg
MUJERES,78,C:\Users\JOHANPRO\Desktop\FOTOS PRENDAS NUEVO\MUJERES\WhatsApp Image 2026-06-04 at 5.30.02 PM.jpeg,WhatsApp Image 2026-06-04 at 5.30.02 PM.jpeg
MUJERES,79,C:\Users\JOHANPRO\Desktop\FOTOS PRENDAS NUEVO\MUJERES\WhatsApp Image 2026-06-04 at 5.30.03 PM (1).jpeg,WhatsApp Image 2026-06-04 at 5.30.03 PM (1).jpeg
MUJERES,80,C:\Users\JOHANPRO\Desktop\FOTOS PRENDAS NUEVO\MUJERES\WhatsApp Image 2026-06-04 at 5.30.03 PM (2).jpeg,WhatsApp Image 2026-06-04 at 5.30.03 PM (2).jpeg
MUJERES,81,C:\Users\JOHANPRO\Desktop\FOTOS PRENDAS NUEVO\MUJERES\WhatsApp Image 2026-06-04 at 5.30.03 PM (3).jpeg,WhatsApp Image 2026-06-04 at 5.30.03 PM (3).jpeg
MUJERES,82,C:\Users\JOHANPRO\Desktop\FOTOS PRENDAS NUEVO\MUJERES\WhatsApp Image 2026-06-04 at 5.30.03 PM (4).jpeg,WhatsApp Image 2026-06-04 at 5.30.03 PM (4).jpeg
MUJERES,83,C:\Users\JOHANPRO\Desktop\FOTOS PRENDAS NUEVO\MUJERES\WhatsApp Image 2026-06-04 at 5.30.03 PM.jpeg,WhatsApp Image 2026-06-04 at 5.30.03 PM.jpeg
MUJERES,84,C:\Users\JOHANPRO\Desktop\FOTOS PRENDAS NUEVO\MUJERES\WhatsApp Image 2026-06-04 at 5.31.26 PM.jpeg,WhatsApp Image 2026-06-04 at 5.31.26 PM.jpeg
MUJERES,85,C:\Users\JOHANPRO\Desktop\FOTOS PRENDAS NUEVO\MUJERES\WhatsApp Image 2026-06-04 at 5.31.27 PM (1).jpeg,WhatsApp Image 2026-06-04 at 5.31.27 PM (1).jpeg
MUJERES,86,C:\Users\JOHANPRO\Desktop\FOTOS PRENDAS NUEVO\MUJERES\WhatsApp Image 2026-06-04 at 5.31.27 PM (2).jpeg,WhatsApp Image 2026-06-04 at 5.31.27 PM (2).jpeg
MUJERES,87,C:\Users\JOHANPRO\Desktop\FOTOS PRENDAS NUEVO\MUJERES\WhatsApp Image 2026-06-04 at 5.31.27 PM (3).jpeg,WhatsApp Image 2026-06-04 at 5.31.27 PM (3).jpeg
MUJERES,88,C:\Users\JOHANPRO\Desktop\FOTOS PRENDAS NUEVO\MUJERES\WhatsApp Image 2026-06-04 at 5.31.27 PM.jpeg,WhatsApp Image 2026-06-04 at 5.31.27 PM.jpeg
MUJERES,89,C:\Users\JOHANPRO\Desktop\FOTOS PRENDAS NUEVO\MUJERES\WhatsApp Image 2026-06-04 at 5.31.28 PM (1).jpeg,WhatsApp Image 2026-06-04 at 5.31.28 PM (1).jpeg
MUJERES,90,C:\Users\JOHANPRO\Desktop\FOTOS PRENDAS NUEVO\MUJERES\WhatsApp Image 2026-06-04 at 5.31.28 PM.jpeg,WhatsApp Image 2026-06-04 at 5.31.28 PM.jpeg
MUJERES,91,C:\Users\JOHANPRO\Desktop\FOTOS PRENDAS NUEVO\MUJERES\WhatsApp Image 2026-06-04 at 5.31.29 PM (1).jpeg,WhatsApp Image 2026-06-04 at 5.31.29 PM (1).jpeg
MUJERES,92,C:\Users\JOHANPRO\Desktop\FOTOS PRENDAS NUEVO\MUJERES\WhatsApp Image 2026-06-04 at 5.31.29 PM (2).jpeg,WhatsApp Image 2026-06-04 at 5.31.29 PM (2).jpeg
MUJERES,93,C:\Users\JOHANPRO\Desktop\FOTOS PRENDAS NUEVO\MUJERES\WhatsApp Image 2026-06-04 at 5.31.29 PM (3).jpeg,WhatsApp Image 2026-06-04 at 5.31.29 PM (3).jpeg
MUJERES,94,C:\Users\JOHANPRO\Desktop\FOTOS PRENDAS NUEVO\MUJERES\WhatsApp Image 2026-06-04 at 5.31.29 PM.jpeg,WhatsApp Image 2026-06-04 at 5.31.29 PM.jpeg
MUJERES,95,C:\Users\JOHANPRO\Desktop\FOTOS PRENDAS NUEVO\MUJERES\WhatsApp Image 2026-06-04 at 5.31.30 PM.jpeg,WhatsApp Image 2026-06-04 at 5.31.30 PM.jpeg
MUJERES,96,C:\Users\JOHANPRO\Desktop\FOTOS PRENDAS NUEVO\MUJERES\WhatsApp Image 2026-06-04 at 5.31.34 PM (1).jpeg,WhatsApp Image 2026-06-04 at 5.31.34 PM (1).jpeg
MUJERES,97,C:\Users\JOHANPRO\Desktop\FOTOS PRENDAS NUEVO\MUJERES\WhatsApp Image 2026-06-04 at 5.31.34 PM (2).jpeg,WhatsApp Image 2026-06-04 at 5.31.34 PM (2).jpeg
MUJERES,98,C:\Users\JOHANPRO\Desktop\FOTOS PRENDAS NUEVO\MUJERES\WhatsApp Image 2026-06-04 at 5.31.34 PM.jpeg,WhatsApp Image 2026-06-04 at 5.31.34 PM.jpeg
MUJERES,99,C:\Users\JOHANPRO\Desktop\FOTOS PRENDAS NUEVO\MUJERES\WhatsApp Image 2026-06-04 at 5.31.35 PM (1).jpeg,WhatsApp Image 2026-06-04 at 5.31.35 PM (1).jpeg
MUJERES,100,C:\Users\JOHANPRO\Desktop\FOTOS PRENDAS NUEVO\MUJERES\WhatsApp Image 2026-06-04 at 5.31.35 PM.jpeg,WhatsApp Image 2026-06-04 at 5.31.35 PM.jpeg
MUJERES,101,C:\Users\JOHANPRO\Desktop\FOTOS PRENDAS NUEVO\MUJERES\WhatsApp Image 2026-06-04 at 5.31.36 PM (1).jpeg,WhatsApp Image 2026-06-04 at 5.31.36 PM (1).jpeg
MUJERES,102,C:\Users\JOHANPRO\Desktop\FOTOS PRENDAS NUEVO\MUJERES\WhatsApp Image 2026-06-04 at 5.31.36 PM (2).jpeg,WhatsApp Image 2026-06-04 at 5.31.36 PM (2).jpeg
MUJERES,103,C:\Users\JOHANPRO\Desktop\FOTOS PRENDAS NUEVO\MUJERES\WhatsApp Image 2026-06-04 at 5.31.36 PM (3).jpeg,WhatsApp Image 2026-06-04 at 5.31.36 PM (3).jpeg
MUJERES,104,C:\Users\JOHANPRO\Desktop\FOTOS PRENDAS NUEVO\MUJERES\WhatsApp Image 2026-06-04 at 5.31.36 PM (4).jpeg,WhatsApp Image 2026-06-04 at 5.31.36 PM (4).jpeg
MUJERES,105,C:\Users\JOHANPRO\Desktop\FOTOS PRENDAS NUEVO\MUJERES\WhatsApp Image 2026-06-04 at 5.31.36 PM.jpeg,WhatsApp Image 2026-06-04 at 5.31.36 PM.jpeg
MUJERES,106,C:\Users\JOHANPRO\Desktop\FOTOS PRENDAS NUEVO\MUJERES\WhatsApp Image 2026-06-04 at 5.31.37 PM (1).jpeg,WhatsApp Image 2026-06-04 at 5.31.37 PM (1).jpeg
MUJERES,107,C:\Users\JOHANPRO\Desktop\FOTOS PRENDAS NUEVO\MUJERES\WhatsApp Image 2026-06-04 at 5.31.37 PM (2).jpeg,WhatsApp Image 2026-06-04 at 5.31.37 PM (2).jpeg
MUJERES,108,C:\Users\JOHANPRO\Desktop\FOTOS PRENDAS NUEVO\MUJERES\WhatsApp Image 2026-06-04 at 5.31.37 PM.jpeg,WhatsApp Image 2026-06-04 at 5.31.37 PM.jpeg
MUJERES,109,C:\Users\JOHANPRO\Desktop\FOTOS PRENDAS NUEVO\MUJERES\WhatsApp Image 2026-06-04 at 5.31.38 PM (1).jpeg,WhatsApp Image 2026-06-04 at 5.31.38 PM (1).jpeg
MUJERES,110,C:\Users\JOHANPRO\Desktop\FOTOS PRENDAS NUEVO\MUJERES\WhatsApp Image 2026-06-04 at 5.31.38 PM (2).jpeg,WhatsApp Image 2026-06-04 at 5.31.38 PM (2).jpeg
MUJERES,111,C:\Users\JOHANPRO\Desktop\FOTOS PRENDAS NUEVO\MUJERES\WhatsApp Image 2026-06-04 at 5.31.38 PM.jpeg,WhatsApp Image 2026-06-04 at 5.31.38 PM.jpeg
